epoch,time,train/box_loss,train/cls_loss,train/dfl_loss,metrics/precision(B),metrics/recall(B),metrics/mAP50(B),metrics/mAP50-95(B),val/box_loss,val/cls_loss,val/dfl_loss,lr/pg0,lr/pg1,lr/pg2
1,198.965,1.34771,2.37669,1.24008,0.00333,1,0.85791,0.50462,1.25529,3.19596,1.13155,0.000648649,0.000648649,0.000648649
2,379.368,1.205,1.34988,1.15419,1,0.73194,0.99483,0.63848,1.21569,2.53258,1.14096,0.00130663,0.00130663,0.00130663
3,565.28,1.21271,1.1793,1.15138,0.98848,0.98276,0.99483,0.68147,1.06641,1.38075,1.06936,0.00195582,0.00195582,0.00195582
4,759.721,1.20742,1.06258,1.1333,0.99415,1,0.995,0.69027,1.06942,0.93057,1.09774,0.0019604,0.0019604,0.0019604
5,942.814,1.17427,0.91065,1.12047,0.86374,0.96552,0.96655,0.72486,0.88003,1.19364,0.96978,0.0019472,0.0019472,0.0019472
6,1145.03,1.16313,0.83794,1.11024,0.97705,1,0.99449,0.69929,1.10169,1.52048,1.06738,0.001934,0.001934,0.001934
7,1329.65,1.14516,0.78631,1.13415,0.99765,1,0.995,0.77672,0.89325,0.64131,1.00137,0.0019208,0.0019208,0.0019208
8,1507.23,1.15857,0.76108,1.1011,0.99713,1,0.995,0.73743,0.94594,0.64647,0.98032,0.0019076,0.0019076,0.0019076
9,1686.08,1.1507,0.73908,1.11945,0.99833,1,0.995,0.63605,1.32597,0.6912,1.12485,0.0018944,0.0018944,0.0018944
10,1863.88,1.13795,0.72289,1.12695,0.99912,1,0.995,0.67764,1.13282,0.61711,1.05059,0.0018812,0.0018812,0.0018812
11,2043.06,1.1249,0.67659,1.10782,0.9968,1,0.995,0.80225,0.7646,0.53224,0.93868,0.001868,0.001868,0.001868
12,2223.26,1.10849,0.66476,1.10662,0.99845,1,0.995,0.66132,1.11046,0.51314,1.041,0.0018548,0.0018548,0.0018548
13,2403.29,1.10778,0.66977,1.11177,0.99477,1,0.995,0.74707,1.01273,0.64231,1.03796,0.0018416,0.0018416,0.0018416
14,2582.43,1.12221,0.66677,1.1167,0.99018,1,0.995,0.77661,0.84968,0.561,0.98915,0.0018284,0.0018284,0.0018284
15,2760.19,1.11983,0.66848,1.1115,0.99783,1,0.995,0.68813,1.01773,0.50715,1.04519,0.0018152,0.0018152,0.0018152
16,2937.92,1.08992,0.64988,1.08303,0.99775,1,0.995,0.78172,0.8232,0.45917,0.95291,0.001802,0.001802,0.001802
17,3116.63,1.10941,0.63112,1.08575,0.99552,1,0.995,0.66111,1.2125,0.55712,1.06728,0.0017888,0.0017888,0.0017888
18,3293.87,1.09894,0.61782,1.1047,0.99709,1,0.995,0.76084,0.90654,0.46324,0.96911,0.0017756,0.0017756,0.0017756
19,3471.82,1.0831,0.61734,1.09411,0.97865,1,0.995,0.78451,0.82937,0.51053,0.95996,0.0017624,0.0017624,0.0017624
20,3650.01,1.07311,0.61231,1.0856,0.99763,1,0.995,0.69035,1.07215,0.47599,1.02443,0.0017492,0.0017492,0.0017492
21,3827.2,1.06706,0.60572,1.07491,0.99594,1,0.995,0.80167,0.76801,0.42856,0.93443,0.001736,0.001736,0.001736
22,4004.16,1.02402,0.57766,1.0705,0.99682,1,0.995,0.70385,0.97327,0.43365,0.98653,0.0017228,0.0017228,0.0017228
23,4182.63,1.06019,0.59406,1.07638,0.99449,1,0.995,0.7228,0.97764,0.53658,0.99672,0.0017096,0.0017096,0.0017096
24,4360.62,1.05399,0.59601,1.08526,0.99523,1,0.995,0.76428,0.82366,0.42065,0.9584,0.0016964,0.0016964,0.0016964
25,4539.93,1.04652,0.57274,1.06288,0.99741,1,0.995,0.69694,1.0622,0.49452,1.00151,0.0016832,0.0016832,0.0016832
26,4718.73,1.03872,0.55838,1.05645,0.99732,1,0.995,0.76417,0.89901,0.45789,0.96736,0.00167,0.00167,0.00167
27,4902.28,1.0724,0.57234,1.09608,0.99451,1,0.995,0.77729,0.84756,0.47316,0.96932,0.0016568,0.0016568,0.0016568
28,5077.6,1.05341,0.56878,1.08288,0.99642,1,0.995,0.70567,1.13958,0.49347,1.05523,0.0016436,0.0016436,0.0016436
29,5249.18,1.06331,0.5784,1.09675,0.99737,1,0.995,0.74569,0.92592,0.47446,0.99426,0.0016304,0.0016304,0.0016304
30,5419.72,1.03424,0.54385,1.0756,0.9782,1,0.99449,0.76605,0.87297,0.46029,0.9718,0.0016172,0.0016172,0.0016172
31,5592.27,1.02673,0.55505,1.07955,0.99773,1,0.995,0.71704,1.01588,0.44312,1.00428,0.001604,0.001604,0.001604
32,5763.95,1.02042,0.54608,1.07114,0.9987,1,0.995,0.74092,0.93056,0.4066,0.98295,0.0015908,0.0015908,0.0015908
33,5935.94,1.02688,0.53166,1.06889,0.99856,1,0.995,0.66496,1.19548,0.47986,1.0561,0.0015776,0.0015776,0.0015776
34,6109.49,1.01193,0.54091,1.06107,0.99756,1,0.995,0.76534,0.83364,0.40886,0.95407,0.0015644,0.0015644,0.0015644
35,6283.47,1.03548,0.55331,1.07978,0.9974,1,0.995,0.66824,1.18576,0.47464,1.05254,0.0015512,0.0015512,0.0015512
36,6455.53,1.00353,0.53917,1.06016,0.99816,1,0.995,0.70583,1.02972,0.40504,1.01204,0.001538,0.001538,0.001538
37,6629.04,1.00572,0.533,1.04739,0.99857,1,0.995,0.76583,0.88908,0.40325,0.96338,0.0015248,0.0015248,0.0015248
38,6801.39,1.01787,0.52968,1.05737,0.99767,1,0.995,0.78104,0.85649,0.40583,0.9659,0.0015116,0.0015116,0.0015116
39,6978.56,1.01642,0.546,1.0592,0.9984,1,0.995,0.72378,1.00948,0.40911,1.00421,0.0014984,0.0014984,0.0014984
40,7156.38,1.02507,0.53585,1.06428,0.99603,1,0.995,0.77644,0.8987,0.38484,0.97652,0.0014852,0.0014852,0.0014852
41,7328.28,0.98627,0.50884,1.02897,0.99377,1,0.995,0.76115,0.89404,0.41042,0.97308,0.001472,0.001472,0.001472
